<?xml version="1.0" encoding="utf-8"?>
<appengine-web-app xmlns="http://appengine.google.com/ns/1.0">
  <threadsafe>false</threadsafe>
  <sessions-enabled>true</sessions-enabled>
  <runtime>java8</runtime>
  <static-files>
    <!-- prevent unwanted caching when accessing via the web preview server -->
    <include path="/**" expiration="0s" />
  </static-files>
  <env-variables>
    <env-var name="GITHUB_CLIENT_ID" value="" />
    <env-var name="GITHUB_CLIENT_SECRET" value="" />
  </env-variables>
</appengine-web-app>
